INSERT INTO employees (id, username, password, role, full_name, position, phone_number, email, status) VALUES
(1, 'admin', '$2a$10$kYEqo5O2DLiHEvFKOlkFk.qGtaB8Pc8pEB9Oog1GNNKwMhxcqxnRW', 'ADMIN', 'Олександр Гриценко', 'ADMIN', '+380671234567', 'admin@example.com', 'ACTIVE'),
--password admin123
(2, 'manager1', '$2a$10$qb/XsKqoUKXNG5TWGtWWquBtGuBuVWowWVypqA6CcQU9TLPWwve7i', 'EMPLOYEE', 'Марія Ковальчук', 'MANAGER', '+380661234567', 'maria@example.com', 'INACTIVE'),
--password managerpass
(3, 'hairdresser1', '$2a$10$CNSKwUjRfx4PCrS126e/B.qLD63rN5MB0xmKu3WR0byZtlSvU4tAC', 'EMPLOYEE', 'Дмитро Савченко', 'HAIRDRESSER', '+380671111111', 'dmytro@example.com', 'ACTIVE'),
--password hairpass
(4, 'stylist1', '$2a$10$nCzcPYsw304nd5fAkUHDC.DzDMipJl.imvsGGI9TqqJik8DLQtmK.', 'EMPLOYEE', 'Ірина Лисенко', 'STYLIST', '+380662222222', 'iryna@example.com', 'ACTIVE'),
--password stylepass
(5, 'nailtech1', '$2a$10$dLSnn/zt332Rx953Anpe0ulCYC7HnDCnJQ/ojCmGC1zPpcnSZnH9m', 'EMPLOYEE', 'Андрій Мельник', 'NAIL_TECHNICIAN', '+380673333333', 'andrew@example.com', 'ACTIVE'),
--password nailpass
(6, 'cleaner1', '$2a$10$8O7GnYSEjfn7elGw2dX8LujPY3vATngGlAoaZDydjsRsuPh0rKTWu', 'EMPLOYEE', 'Катерина Шевченко', 'CLEANER', '+380674444444', 'kateryna@example.com', 'DELETED'),
--password cleanpass
(7, 'makeup1', '$2a$10$JdadIUBxVz6oRj3LLJblSeJalgJZL36BnJEdgAy9bkpOuSlqsyAU6', 'EMPLOYEE', 'Владислав Ткачук', 'MAKEUP_ARTIST', '+380675555555', 'vladyslav@example.com', 'ACTIVE'),
--password makeuppass
(8, 'masseur1', '$2a$10$MINuQHPO3As1L.P4hJhkbOEvb4YYoV27qJBQuj3QzhK6BB2yCY/.e', 'EMPLOYEE', 'Олеся Бондаренко', 'MASSEUR', '+380676666666', 'olecia@example.com', 'ACTIVE'),
--password massagepass
(9, 'cosmetologist1', '$2a$10$gRPBt/hnJgGxUoNEckNc8ObJh1UjlwUbbxqQaAmhaZam1zGp4bZ3m', 'EMPLOYEE', 'Максим Романюк', 'COSMETOLOGIST', '+380677777777', 'maksym@example.com', 'ACTIVE'),
--password cosmopass
(10, 'receptionist1', '$2a$10$Lx7NQpm6p9LL7RCV3kCH.u1CoO8KCyQfT6xxK2cqeNh5p9jvZmHZe', 'EMPLOYEE', 'Наталія Дорошенко', 'RECEPTIONIST', '+380678888888', 'natalya@example.com', 'ACTIVE');
--password receptionpass

ALTER SEQUENCE employee_seq RESTART WITH 11;

INSERT INTO suppliers (id, name, phone_number, email, address, contact_person, rating, last_supply_date) VALUES
(1, 'Косметика та Поставки ТОВ', '+380671112233', 'contact@beautysupplies.com', 'Київ, Україна', 'Джеймс Мітчелл', 4.5, '2025-05-11'),
(2, 'Салонні Аксесуари', '+380662223344', 'info@salonessentials.com', 'Львів, Україна', 'Емілі Картер', 4.7, '2025-05-08'),
(3, 'NailPro Дистриб`ютори', '+380673334455', 'sales@nailpro.com', 'Одеса, Україна', 'Вільям Андерсон', 4.6, '2025-05-10'),
(4, 'Експерти з Догляду за Волоссям', '+380674445566', 'support@haircareexperts.com', 'Дніпро, Україна', 'Софія Беннетт', 4.8, '2025-05-13'),
(5, 'Glow Косметика', '+380675556677', 'hello@glowcosmetics.com', 'Харків, Україна', 'Даніель Гарріс', 4.4, '2025-05-08'),
(6, 'Преміум СПА Поставки', '+380676667788', 'orders@luxuryspa.com', 'Запоріжжя, Україна', 'Олівія Тернер', 4.9, '2025-05-07');

ALTER SEQUENCE supplier_seq RESTART WITH 7;

INSERT INTO materials (id, name, unit, quantity, price, category, description, amount) VALUES
(1, 'Шампунь', 'ML', 1000, 350.00, 'HAIR_CARE', 'Професійний шампунь для волосся', 10),
(2, 'Лак для волосся', 'ML', 300, 215.25, 'HAIR_CARE', 'Лак сильної фіксації', 7),
(3, 'Лак для нігтів', 'ML', 10, 80.50, 'NAIL_CARE', 'Лаки для нігтів різних кольорів', 3),
(4, 'Крем для обличчя', 'ML', 300, 180.00, 'SKIN_CARE', 'Зволожувальний крем для обличчя', 9),
(5, 'Масажне масло', 'ML', 1000, 450.75, 'SKIN_CARE', 'Розслаблююче масажне масло', 15),
(6, 'Бальзам для волосся', 'ML', 750, 300.75, 'HAIR_CARE', 'Професійний бальзам для гладкості волосся', 12),
(7, 'Фарба для волосся', 'ML', 500, 500.00, 'HAIR_CARE', 'Перманентна та напівперманентна фарба для волосся', 2),
(8, 'Масло для кутикули', 'ML', 50, 100.50, 'NAIL_CARE', 'Живильне масло для догляду за кутикулою', 5),
(9, 'Акрилова пудра', 'GR', 50, 450.00, 'NAIL_CARE', 'Пудра для акрилового моделювання нігтів', 7),
(10, 'Воскові смужки', 'ONES', 100, 500.50, 'SKIN_CARE', 'Готові воскові смужки для депіляції', 2),
(11, 'Ножиці', 'ONES', 1, 500.00, 'TOOLS', 'Професійні перукарські ножиці', 4),
(12, 'Пилки для нігтів', 'ONES', 50, 1000.00, 'TOOLS', 'Якісні пилки для формування нігтів', 1),
(13, 'Одноразові рукавички', 'ONES', 50, 175.00, 'OTHER', 'Гіпоалергенні одноразові рукавички без латексу', 5),
(14, 'Ватні диски', 'ONES', 150, 100.50, 'OTHER', 'М’які ватні диски для догляду за шкірою та зняття лаку', 7),
(15, 'Щітка для волосся', 'ONES', 1, 200.25, 'TOOLS', 'Професійна щітка для розчісування волосся', 3);

ALTER SEQUENCE material_seq RESTART WITH 16;

INSERT INTO supplier_materials (supplier_id, material_id)
VALUES (2, 1),
       (5, 1),
       (1, 2),
       (4, 2),
       (1, 3),
       (5, 3),
       (3, 4),
       (4, 5),
       (6, 5),
       (2, 6),
       (3, 6),
       (1, 7),
       (4, 7),
       (3, 8),
       (6, 8),
       (1, 9),
       (2, 9),
       (6, 10),
       (2, 11),
       (3, 11),
       (1, 12),
       (4, 12),
       (2, 13),
       (5, 13),
       (3, 14),
       (6, 14),
       (2, 15),
       (5, 15);

INSERT INTO supplies (id, material_id, supplier_id, amount, supply_date, total_price, status, note) VALUES
(1, 1, 2, 2, '2025-05-19', 700.00, 'PENDING', 'Регулярна поставка шампуню'),
(2, 3, 5, 5, '2025-05-17', 402.50, 'PENDING', 'Нова колекція лаків для нігтів'),
(3, 2, 1, 3, '2025-05-21', 645.75, 'PENDING', 'Оптове замовлення лаку для волосся'),
(4, 4, 3, 4, '2025-05-10', 720.00, 'CONFIRMED', 'Крем для обличчя для догляду за шкірою'),
(5, 5, 4, 1, '2025-05-12', 450.75, 'CONFIRMED', 'Поповнення запасів масажного масла'),
(6, 6, 2, 2, '2025-05-18', 601.50, 'PENDING', 'Поповнення запасів бальзаму для волосся'),
(7, 7, 1, 6, '2025-05-11', 3000.00, 'CONFIRMED', 'Нова партія фарби для волосся'),
(8, 8, 6, 4, '2025-05-20', 402.00, 'PENDING', 'Масло для кутикули для догляду за нігтями'),
(9, 9, 1, 5, '2025-05-09', 2250.00, 'CONFIRMED', 'Поповнення запасів акрилової пудри'),
(10, 10, 6, 3, '2025-05-21', 1501.50, 'PENDING', 'Воскові смужки для депіляції'),
(11, 11, 3, 2, '2025-05-22', 1000.00, 'PENDING', 'Замовлення професійних ножиць'),
(12, 12, 4, 2, '2025-05-10', 2000.00, 'CONFIRMED', 'Поповнення запасів пилок для нігтів'),
(13, 13, 5, 3, '2025-05-23', 525.00, 'PENDING', 'Оптове замовлення одноразових рукавичок'),
(14, 14, 6, 1, '2025-05-25', 100.50, 'PENDING', 'Замовлення ватних дисків для догляду за шкірою'),
(15, 15, 5, 3, '2025-05-12', 600.75, 'RETURNED', 'Поповнення запасів щіток для волосся'),
(16, 1, 5, 3, '2025-05-08', 1050.00, 'CONFIRMED', 'Додаткова поставка шампуню'),
(17, 3, 1, 2, '2025-05-06', 161.00, 'CONFIRMED', 'Лімітована серія лаків для нігтів'),
(18, 5, 6, 2, '2025-05-07', 901.50, 'CONFIRMED', 'Масажне масло для SPA-процедур'),
(19, 7, 4, 4, '2025-05-13', 2000.00, 'CONFIRMED', 'Популярні відтінки фарби для волосся'),
(20, 9, 2, 2, '2025-05-08', 900.00, 'RETURNED', 'Додано нові кольори акрилової пудри');

ALTER SEQUENCE supply_seq RESTART WITH 21;

INSERT INTO usage (id, material_id, employee_id, amount_used, usage_date, comment) VALUES
(1, 1, 3, 1, '2025-05-07', 'Використано для догляду за волоссям'),
(2, 3, 5, 1, '2025-05-08', 'Нанесення лаку для нігтів'),
(3, 2, 3, 1, '2025-05-09', 'Лак для волосся для укладки'),
(4, 4, 6, 1, '2025-05-10', 'Зволожуюча процедура для обличчя'),
(5, 5, 4, 1, '2025-05-11', 'Сеанс масажної терапії'),
(6, 7, 3, 1, '2025-05-12', 'Фарбування волосся'),
(7, 9, 5, 1, '2025-05-13', 'Сеанс нарощування нігтів акрилом'),
(8, 10, 6, 1, '2025-05-14', 'Процедура воскової депіляції'),
(9, 12, 3, 1, '2025-05-15', 'Використання пилки для нігтів під час манікюру'),
(10, 14, 4, 1, '2025-05-16', 'Ватні диски для зняття макіяжу'),
(11, 6, 3, 1, '2025-05-16', 'Бальзам для завершення процедури миття'),
(12, 8, 5, 1, '2025-05-16', 'Догляд за кутикулою після манікюру'),
(13, 13, 4, 1, '2025-05-15', 'Одноразові рукавички для чистоти процедури'),
(14, 15, 3, 1, '2025-05-14', 'Розчісування волосся перед стрижкою'),
(15, 1, 4, 1, '2025-05-13', 'Миття волосся перед фарбуванням'),
(16, 2, 3, 1, '2025-05-13', 'Фіксація зачіски після укладки'),
(17, 11, 3, 1, '2025-05-13', 'Стрижка з використанням ножиць'),
(18, 3, 5, 1, '2025-05-12', 'Манікюр з кольоровим лаком'),
(19, 9, 5, 1, '2025-05-12', 'Нарощування нігтів'),
(20, 4, 9, 1, '2025-05-11', 'Крем для зволоження після чищення обличчя'),
(21, 10, 9, 1, '2025-05-10', 'Депіляція восковими смужками'),
(22, 6, 3, 1, '2025-05-10', 'Кондиціонування волосся після миття'),
(23, 7, 3, 1, '2025-05-09', 'Фарбування коренів волосся'),
(24, 13, 6, 1, '2025-05-09', 'Захист під час прибирання'),
(25, 14, 5, 1, '2025-05-08', 'Зняття лаку перед новим покриттям'),
(26, 12, 5, 1, '2025-05-08', 'Оформлення форми нігтів'),
(27, 15, 3, 1, '2025-05-07', 'Щітка перед укладкою'),
(28, 5, 8, 1, '2025-05-06', 'Масажна процедура спини'),
(29, 8, 5, 1, '2025-05-06', 'Живлення кутикули'),
(30, 4, 9, 1, '2025-05-05', 'Крем після пілінгу');

ALTER SEQUENCE usage_seq RESTART WITH 31;